{"cameraMode":{"drawMode":0,"name":"Shaded","section":"Shading Mode"},"sceneLighting":true,"audioPlay":false,"sceneViewState":{"showFog":false,"showMaterialUpdate":false,"showSkybox":false,"showFlares":false,"showImageEffects":true,"showParticleSystems":true},"in2DMode":false,"pivot":{"x":2.6458346843719484,"y":5.332696437835693,"z":-1.2123160362243653},"rotation":{"x":0.19962063431739808,"y":-0.31221911311149599,"z":0.06727038323879242,"w":0.9263722896575928},"size":7.545412063598633,"orthographic":false}