{"cameraMode":{"drawMode":0,"name":"Shaded","section":"Shading Mode"},"sceneLighting":true,"audioPlay":false,"sceneViewState":{"showFog":false,"showMaterialUpdate":false,"showSkybox":false,"showFlares":false,"showImageEffects":true,"showParticleSystems":true},"in2DMode":false,"pivot":{"x":0.2840806543827057,"y":1.8518807888031006,"z":0.5795838832855225},"rotation":{"x":0.028484947979450227,"y":0.9558935165405273,"z":0.09899076074361801,"w":-0.2750769257545471},"size":7.058604717254639,"orthographic":false}