{"cameraMode":{"drawMode":0,"name":"Shaded","section":"Shading Mode"},"sceneLighting":true,"audioPlay":false,"sceneViewState":{"showFog":false,"showMaterialUpdate":false,"showSkybox":false,"showFlares":false,"showImageEffects":true,"showParticleSystems":true},"in2DMode":false,"pivot":{"x":2.6458346843719484,"y":5.332696437835693,"z":-1.2123160362243653},"rotation":{"x":-0.08078089356422425,"y":-0.5254688858985901,"z":-0.05021953955292702,"w":0.8454912304878235},"size":7.545412063598633,"orthographic":false}