{"cameraMode":{"drawMode":0,"name":"Shaded","section":"Shading Mode"},"sceneLighting":true,"audioPlay":false,"sceneViewState":{"showFog":false,"showMaterialUpdate":false,"showSkybox":false,"showFlares":false,"showImageEffects":true,"showParticleSystems":true},"in2DMode":false,"pivot":{"x":3.7522926330566408,"y":6.290383815765381,"z":-0.2797064781188965},"rotation":{"x":-0.05072677507996559,"y":-0.10150553286075592,"z":0.00520055927336216,"w":-0.9936122894287109},"size":12.179170608520508,"orthographic":false}