{"cameraMode":{"drawMode":0,"name":"Shaded","section":"Shading Mode"},"sceneLighting":true,"audioPlay":false,"sceneViewState":{"showFog":false,"showMaterialUpdate":false,"showSkybox":false,"showFlares":false,"showImageEffects":true,"showParticleSystems":true},"in2DMode":false,"pivot":{"x":0.2840806543827057,"y":1.8518807888031006,"z":0.5795838832855225},"rotation":{"x":-0.003996255807578564,"y":0.9870296716690064,"z":-0.15858756005764008,"w":-0.024877000600099565},"size":14.61739444732666,"orthographic":false}