{"cameraMode":{"drawMode":0,"name":"Shaded","section":"Shading Mode"},"sceneLighting":true,"audioPlay":false,"sceneViewState":{"showFog":false,"showMaterialUpdate":false,"showSkybox":false,"showFlares":false,"showImageEffects":true,"showParticleSystems":true},"in2DMode":false,"pivot":{"x":-0.9742772579193115,"y":2.938370943069458,"z":0.952375054359436},"rotation":{"x":-0.05967617407441139,"y":-0.0003028683131560683,"z":0.000009985813449020498,"w":-0.9982474446296692},"size":9.472589492797852,"orthographic":false}