{"cameraMode":{"drawMode":0,"name":"Shaded","section":"Shading Mode"},"sceneLighting":true,"audioPlay":false,"sceneViewState":{"showFog":false,"showMaterialUpdate":false,"showSkybox":false,"showFlares":false,"showImageEffects":true,"showParticleSystems":true},"in2DMode":false,"pivot":{"x":5.960464477539063e-8,"y":20.0,"z":-1.1920928955078126e-7},"rotation":{"x":0.23045489192008973,"y":0.23292596638202668,"z":-0.05691927298903465,"w":0.943083643913269},"size":4.041658401489258,"orthographic":false}