{"cameraMode":{"drawMode":0,"name":"Shaded","section":"Shading Mode"},"sceneLighting":true,"audioPlay":false,"sceneViewState":{"showFog":false,"showMaterialUpdate":false,"showSkybox":false,"showFlares":false,"showImageEffects":true,"showParticleSystems":true},"in2DMode":false,"pivot":{"x":0.5084452629089356,"y":0.9581787586212158,"z":-0.8078226447105408},"rotation":{"x":-0.11497979611158371,"y":0.23169496655464173,"z":-0.027585016563534738,"w":-0.9656579494476318},"size":6.054093360900879,"orthographic":false}